azimuth_deg,horizon_deg,distance_m,height_taw,class_code
273.0,-0.41231975066288257,8910.0,11.579999923706055,5
273.1,-0.3258943261179346,5920.0,39.0,5
273.20000000000005,-0.4017695592713869,9410.0,10.34000015258789,5
273.30000000000007,-0.39449068727616254,9020.0,13.729999542236328,5
273.4000000000001,-0.38809992965793666,8000.0,20.459999084472656,5
273.5000000000001,-0.37131388460875614,8010.0,22.75,5
273.60000000000014,-0.3226317457061625,8040.0,29.420000076293945,5
273.70000000000016,-0.3922452735579413,9260.0,12.739999771118164,5
273.8000000000002,-0.31859960470298754,9410.0,24.0,5
273.9000000000002,-0.3214414980599885,9420.0,23.489999771118164,5
274.0000000000002,-0.31078934437897743,9430.0,25.200000762939453,5
274.10000000000025,-0.3378262573392526,9430.0,20.75,5
274.2000000000003,-0.2977492924663519,9470.0,27.190000534057617,5
274.3000000000003,-0.36671326623211603,9480.0,15.739999771118164,5
274.4000000000003,-0.3168358063040411,9450.0,24.1200008392334,5
274.50000000000034,-0.3608101227827787,9060.0,18.829999923706055,5
274.60000000000036,-0.4250028038446434,9990.0,2.990000009536743,1
274.7000000000004,-0.3891350060348059,9480.0,12.029999732971191,5
274.8000000000004,-0.3912545599072241,9460.0,11.789999961853027,5
274.90000000000043,-0.3940302996068413,9480.0,11.220000267028809,5
275.00000000000045,-0.4008841523743641,9460.0,10.199999809265137,5
275.1000000000005,-0.37148771614827886,9480.0,14.949999809265137,5
275.2000000000005,-0.3822930255640518,7950.0,21.549999237060547,5
275.3000000000005,-0.3797070085319175,9480.0,13.59000015258789,5
275.40000000000055,-0.3524172645183871,8460.0,23.1299991607666,5
275.50000000000057,-0.3285708573137166,9460.0,22.139999389648438,5
275.6000000000006,-0.32776603986352054,8460.0,26.770000457763672,5
275.7000000000006,-0.3758108282792175,9460.0,14.34000015258789,5
275.80000000000064,-0.2361751232618205,9970.0,35.970001220703125,5
275.90000000000066,-0.2353847648252499,9940.0,36.189998626708984,5
276.0000000000007,-0.3440493149555819,9860.0,17.709999084472656,5
276.1000000000007,-0.2526741890185317,6990.0,42.790000915527344,5
276.2000000000007,-0.3670625113114253,9500.0,15.579999923706055,5
276.30000000000075,-0.20172281460302882,9880.0,42.15999984741211,5
276.4000000000008,-0.3415118229193935,9510.0,19.770000457763672,5
276.5000000000008,-0.279099092808285,9780.0,29.170000076293945,5
276.6000000000008,-0.1647038836265623,9830.0,48.619998931884766,5
276.70000000000084,-0.3828543192128111,7630.0,23.270000457763672,5
276.80000000000086,-0.33473158287775395,9520.0,20.850000381469727,5
276.9000000000009,-0.338580881854829,7730.0,28.68000030517578,5
277.0000000000009,-0.3455631276897544,7800.0,27.389999389648438,5
277.10000000000093,-0.340650850875685,9530.0,19.81999969482422,5
277.20000000000095,-0.3222086144063907,9750.0,21.940000534057617,5
277.300000000001,-0.3737549198560941,9640.0,13.739999771118164,5
277.400000000001,-0.22968744718080877,9640.0,37.97999954223633,5
277.500000000001,-0.18564185720938456,9630.0,45.40999984741211,5
277.60000000000105,-0.3299644317293754,8290.0,27.229999542236328,5
277.70000000000107,-0.3157033289345063,8380.0,28.899999618530273,5
277.8000000000011,-0.2115004592498248,9640.0,41.040000915527344,5
277.9000000000011,-0.3143439928379975,8590.0,28.190000534057617,5
278.00000000000114,-0.29473459207724095,8590.0,31.1299991607666,5
278.10000000000116,-0.2979237354242216,8680.0,30.290000915527344,5
278.2000000000012,-0.26421233032101166,9610.0,32.27000045776367,5
278.3000000000012,-0.2932354098472887,9700.0,27.059999465942383,5
278.4000000000012,-0.28544494674212956,9490.0,29.149999618530273,5
278.50000000000125,-0.27168917237200313,9420.0,31.670000076293945,5
278.6000000000013,-0.251835899105075,6080.0,46.08000183105469,5
278.7000000000013,-0.18266873697898894,9550.0,46.060001373291016,5
278.8000000000013,-0.28871669072082473,6160.0,41.83000183105469,5
278.90000000000134,-0.23374737527518827,6160.0,47.7400016784668,5
279.00000000000136,-0.1842078890134898,9510.0,45.880001068115234,5
279.1000000000014,-0.26298654875846467,9390.0,33.20000076293945,5
279.2000000000014,-0.3451634323157117,8780.0,22.649999618530273,5
279.30000000000143,-0.24777738522076068,9460.0,35.47999954223633,5
279.40000000000146,-0.34650479653863653,8680.0,22.93000030517578,5
279.5000000000015,-0.3448333790601921,8720.0,22.989999771118164,5
279.6000000000015,-0.34315698867559474,9850.0,17.90999984741211,5
279.7000000000015,-0.3541508576825142,9910.0,15.729999542236328,1
279.80000000000155,-0.35708554713474794,9890.0,15.319999694824219,1
279.90000000000157,-0.35846514235852533,9870.0,15.180000305175781,1
280.0000000000016,-0.3580007574741746,9870.0,15.260000228881836,1
280.1000000000016,-0.31466822849023296,9770.0,23.139999389648438,5
280.20000000000164,-0.3227609286902087,9770.0,21.760000228881836,5
280.30000000000166,-0.30434707780428033,9770.0,24.899999618530273,5
280.4000000000017,-0.19020585839704499,9340.0,45.22999954223633,5
280.5000000000017,-0.24429821444058994,5730.0,48.09000015258789,5
280.6000000000017,-0.29102020976175685,9760.0,27.209999084472656,5
280.70000000000175,-0.29422723950621216,9320.0,28.350000381469727,5
280.8000000000018,-0.2968497946820261,9780.0,26.139999389648438,5
280.9000000000018,0.004732418134409384,9290.0,76.94000244140625,5
281.0000000000018,0.015373530081148609,9280.0,78.6500015258789,5
281.10000000000184,0.026099335667015586,9270.0,80.37000274658203,5
281.20000000000186,-0.034163209746960216,9270.0,70.62000274658203,5
281.3000000000019,-0.23910799805429722,6640.0,45.58000183105469,5
281.4000000000019,-0.3143620456396676,9250.0,25.3700008392334,5
281.50000000000193,-0.30812053010636165,9230.0,26.459999084472656,5
281.60000000000196,-0.2460944779902913,6100.0,46.619998931884766,5
281.700000000002,-0.2336764631464655,8250.0,41.279998779296875,5
281.800000000002,-0.29822585902763926,9740.0,26.059999465942383,5
281.900000000002,-0.12470464858204562,8270.0,56.95000076293945,5
282.00000000000205,-0.32938383728447934,9700.0,20.940000534057617,5
282.10000000000207,-0.3249744577868988,9690.0,21.729999542236328,5
282.2000000000021,-0.3128806532399014,9730.0,23.610000610351562,5
282.3000000000021,-0.2868374842524112,9690.0,28.18000030517578,5
282.40000000000214,-0.317267871315474,9290.0,24.729999542236328,5
282.50000000000216,-0.32846294276676613,9690.0,21.139999389648438,5
282.6000000000022,-0.18671488172080578,9050.0,46.380001068115234,5
282.7000000000022,-0.3096654289231217,9680.0,24.360000610351562,5
282.8000000000022,-0.3262972738729892,9680.0,21.549999237060547,5
282.90000000000225,-0.336793476958862,9710.0,19.639999389648438,5
283.0000000000023,-0.30351292936842533,9700.0,25.31999969482422,5
283.1000000000023,-0.3097296358908421,9670.0,24.389999389648438,5
283.2000000000023,-0.30658596499433993,9690.0,24.84000015258789,5
283.30000000000234,-0.3071770575175151,9250.0,26.530000686645508,5
283.40000000000236,-0.06307057548675948,9050.0,65.91000366210938,5
283.5000000000024,-0.19959828024306617,9030.0,44.38999938964844,5
283.6000000000024,-0.35409316766412,9020.0,20.09000015258789,5
283.70000000000243,-0.2992797741021416,6390.0,39.689998626708984,5
283.80000000000246,-0.32214869524101697,9650.0,22.3799991607666,5
283.9000000000025,-0.18754809178748744,9010.0,46.33000183105469,5
284.0000000000025,-0.19308941634405702,9000.0,45.47999954223633,5
284.1000000000025,-0.31224143116001574,9640.0,24.09000015258789,5
284.20000000000255,-0.32030750124335355,9220.0,24.540000915527344,5
284.30000000000257,-0.19096674636802596,6390.0,51.77000045776367,5
284.4000000000026,-0.07738428564439728,8960.0,63.65999984741211,5
284.5000000000026,-0.07944102227384653,8950.0,63.34000015258789,5
284.60000000000264,-0.08034884146271476,8940.0,63.20000076293945,5
284.70000000000266,-0.07997558339146152,8930.0,63.2599983215332,5
284.8000000000027,-0.24985451175205217,9890.0,33.83000183105469,5
284.9000000000027,-0.28585938727760946,9550.0,28.860000610351562,5
285.00000000000273,-0.11904370727411671,8850.0,57.2400016784668,5
285.10000000000275,-0.14701168799604275,8850.0,52.91999816894531,5
285.2000000000028,-0.2905199485065817,9740.0,27.3700008392334,5
285.3000000000028,-0.3648235010693137,9280.0,17.06999969482422,5
285.4000000000028,-0.3621532422201351,9330.0,17.25,5
285.50000000000284,-0.19288954132780264,8810.0,45.91999816894531,5
285.60000000000286,-0.29999041863200615,9240.0,27.729999542236328,5
285.7000000000029,-0.18623021282092322,8700.0,47.16999816894531,5
285.8000000000029,-0.2937519634111163,8800.0,30.450000762939453,5
285.90000000000293,-0.29740132614743076,9120.0,28.6200008392334,5
286.00000000000296,-0.29828776053150374,9660.0,26.360000610351562,5
286.100000000003,-0.32444375561990424,9660.0,21.950000762939453,5
286.200000000003,0.3588091781494332,1454.0,79.52999877929688,3
286.300000000003,0.40215339257091665,1454.0,80.62999725341797,3
286.40000000000305,0.4308834972634779,1458.0,81.38999938964844,4
286.50000000000307,0.43450877071397476,1450.0,81.41999816894531,3
286.6000000000031,0.4190990610621554,1450.0,81.02999877929688,3
286.7000000000031,0.4159513644040619,1458.0,81.01000213623047,4
286.80000000000314,0.4208668216839083,1456.0,81.12000274658203,4
286.90000000000316,0.45125607786160576,1452.0,81.86000061035156,4
287.0000000000032,0.45268423698979043,1450.0,81.87999725341797,4
287.1000000000032,0.4453373945193262,1452.0,81.70999908447266,4
287.20000000000323,0.456199233579865,1444.0,81.91999816894531,4
287.30000000000325,0.4932870767786011,1448.0,82.88999938964844,4
287.4000000000033,0.42285897863957816,1448.0,81.11000061035156,4
287.5000000000033,0.4167142088353715,1438.0,80.87999725341797,3
287.6000000000033,0.40458164505877314,1440.0,80.58999633789062,3
287.70000000000334,0.4509869659472741,1542.0,82.58000183105469,4
287.80000000000337,0.35029703201320417,1542.0,79.87000274658203,4
287.9000000000034,0.35374368554461405,1540.0,79.94999694824219,4
288.0000000000034,0.3506683819695973,1542.0,79.87999725341797,4
288.10000000000343,0.43237138864461705,1546.0,82.11000061035156,4
288.20000000000346,0.23320260472784524,1540.0,76.70999908447266,4
288.3000000000035,0.23521557783076663,1546.0,76.79000091552734,4
288.4000000000035,-0.2231847964715824,5580.0,50.66999816894531,3
288.5000000000035,-0.23645834931055196,5600.0,49.310001373291016,3
288.60000000000355,0.3718515441200212,1400.0,79.5,4
288.70000000000357,0.3312570021732934,1402.0,78.5199966430664,4
288.8000000000036,0.33485050742132005,1404.0,78.62000274658203,4
288.9000000000036,0.33362601876710757,1404.0,78.58999633789062,4
289.00000000000364,0.48725507606236135,1400.0,82.31999969482422,4
289.10000000000366,0.505341842422861,1402.0,82.77999877929688,4
289.2000000000037,0.48736153518280123,1402.0,82.33999633789062,4
289.3000000000037,0.5223349746054752,1396.0,83.13999938964844,4
289.40000000000373,0.48745134853929706,1396.0,82.29000091552734,4
289.50000000000375,0.521220731342355,1400.0,83.1500015258789,4
289.6000000000038,0.550224892420718,1394.0,83.80000305175781,4
289.7000000000038,0.4699507553294998,1392.0,81.83000183105469,4
289.8000000000038,0.46364807681609393,1396.0,81.70999908447266,4
289.90000000000384,0.32356329535749434,1388.0,78.25,4
290.00000000000387,0.3187737967743989,1396.0,78.18000030517578,3
290.1000000000039,0.3269819752399997,1396.0,78.37999725341797,3
290.2000000000039,-0.19632814613918642,8380.0,46.36000061035156,5
290.30000000000393,-0.2903831170888652,8890.0,30.6200008392334,5
290.40000000000396,-0.23955539279366464,8320.0,40.220001220703125,5
290.500000000004,-0.31880831513360935,8860.0,26.34000015258789,5
290.600000000004,-0.21607887924536154,9820.0,39.83000183105469,5
290.700000000004,-0.25668702458362436,9820.0,32.869998931884766,5
290.80000000000405,-0.3263395504690776,8830.0,25.309999465942383,5
290.90000000000407,-0.33924270361985914,8860.0,23.18000030517578,5
291.0000000000041,-0.342898476345952,9920.0,17.6299991607666,5
291.1000000000041,-0.05044083759860237,8830.0,67.83000183105469,5
291.20000000000414,-0.11091104870816179,8900.0,58.459999084472656,5
291.30000000000416,-0.1845211011803005,9190.0,46.45000076293945,5
291.4000000000042,-0.09706636491781523,9230.0,60.459999084472656,5
291.5000000000042,-0.1430826277109123,8290.0,54.27000045776367,5
291.60000000000423,-0.30768019366089444,9820.0,24.1299991607666,5
291.70000000000425,-0.20784207941639965,9270.0,42.52000045776367,5
291.8000000000043,-0.22657952161717904,9460.0,38.97999954223633,5
291.9000000000043,-0.2043234663652095,9170.0,43.31999969482422,5
292.0000000000043,-0.163372119477558,9400.0,49.5099983215332,5
292.10000000000434,-0.18923495612057079,9080.0,45.91999816894531,5
292.20000000000437,-0.24278506882677905,8330.0,39.720001220703125,5
292.3000000000044,-0.23307622944712666,9600.0,37.52000045776367,5
292.4000000000044,-0.009653394000049737,9700.0,75.06999969482422,5
292.50000000000443,0.1278299651072456,9690.0,98.30999755859375,5
292.60000000000446,-0.07342450777524265,8350.0,64.33999633789062,5
292.7000000000045,0.15438447064586527,9610.0,102.4800033569336,5
292.8000000000045,-0.19652389550480795,8350.0,46.400001525878906,5
292.9000000000045,-0.10928831842728667,8420.0,59.060001373291016,5
293.00000000000455,-0.08682969472334874,8680.0,62.27000045776367,5
293.10000000000457,-0.32210625579596364,9140.0,24.600000381469727,5
293.2000000000046,-0.2637433282448576,9640.0,32.25,5
293.3000000000046,-0.1841197576230892,9670.0,45.59000015258789,5
293.40000000000464,-0.3391019931131222,9510.0,20.170000076293945,5
293.50000000000466,-0.08392614965440716,9820.0,62.47999954223633,5
293.6000000000047,-0.3187554477177497,9390.0,24.059999465942383,5
293.7000000000047,-0.20641579632493023,8390.0,44.86000061035156,5
293.80000000000473,-0.25491208607701116,9860.0,33.04999923706055,5
293.90000000000475,-0.18329114969196042,9750.0,45.58000183105469,5
294.0000000000048,-0.3026263542822805,9880.0,24.760000228881836,5
294.1000000000048,-0.29250084738705134,9680.0,27.260000228881836,5
294.2000000000048,-0.27586989785626415,9700.0,30.0,5
294.30000000000484,-0.29196015429374705,8640.0,31.350000381469727,5
294.40000000000487,-0.27166479213823896,9610.0,31.020000457763672,5
294.5000000000049,-0.27214751295543615,9540.0,31.18000030517578,5
294.6000000000049,-0.01671160572003261,9820.0,74.0,5
294.70000000000493,-0.3421538347491266,9530.0,19.56999969482422,5
294.80000000000496,-0.2693531878443316,9960.0,30.229999542236328,5
294.900000000005,-0.3954917296848422,9510.0,10.8100004196167,1
295.000000000005,-0.37090516441664567,9460.0,15.149999618530273,5
295.100000000005,-0.3515946994746016,9470.0,18.290000915527344,5
295.20000000000505,-0.38315070859468764,9430.0,13.289999961853027,1
295.30000000000507,-0.35486171082268364,9470.0,17.75,5
295.4000000000051,-0.35050508058778773,9680.0,17.459999084472656,5
295.5000000000051,-0.22592196393961417,9960.0,37.779998779296875,5
295.60000000000514,-0.28074304753590085,9960.0,28.25,5
295.70000000000516,-0.3561369345751844,9480.0,17.489999771118164,5
295.8000000000052,-0.3344731325951163,9470.0,21.1200008392334,5
295.9000000000052,-0.38283621753455116,9460.0,13.180000305175781,1
296.00000000000523,-0.048278586014037644,9900.0,68.62999725341797,5
